<?xml version="1.0" encoding="UTF-8"?>
<project-private xmlns="http://www.netbeans.org/ns/project-private/1">
    <editor-bookmarks xmlns="http://www.netbeans.org/ns/editor-bookmarks/2" lastBookmarkId="0"/>
    <open-files xmlns="http://www.netbeans.org/ns/projectui-open-files/2">
        <group>
            <file>file:/C:/Users/THINKPAD/Documents/NetBeansProjects/Tarea_tema1_2/src/tarea_tema1_2/Factura.java</file>
            <file>file:/C:/Users/THINKPAD/Documents/NetBeansProjects/Tarea_tema1_2/src/tarea_tema1_2/PruebaFactura.java</file>
        </group>
    </open-files>
</project-private>
